run,idx,key,phase,action_to_base_rgb_ms,action_to_next_ready_ms,denoise_ms,fwd1_ms,fwd2_ms,fwd3_ms,clean_kv_ms,action_prepare_ms,tae_first_rgb_ms,global_end_index,local_end_index,queue_wait_ms
r2a-ex03-67,1,w,,653.53,870.79,615.79,207.51,201.8,206.48,198.28,0.17400493379682302,20.226147025823593,2016,2016,0.18
r2a-ex03-67,2,w,,671.15,883.75,643.92,214.37,218.16,211.38,193.67,0.04117900971323252,20.155798993073404,3024,3024,0.19
r2a-ex03-67,3,w,,691.03,931.82,660.57,214.33,223.6,222.64,220.95,0.16671500634402037,20.40438202675432,4032,4032,0.09
r2a-ex03-67,4,w,,742.69,992.58,711.3,238.74,236.33,236.23,229.91,2.543095964938402,21.10611100215465,5040,5040,0.1
r2a-ex03-67,5,w,,780.51,1044.25,747.76,253.94,248.68,245.14,242.89,0.20516396034508944,20.91684693004936,6048,6048,0.1
r2a-ex03-67,6,w,,799.3,1072.09,769.86,253.41,258.44,258.0,251.87,0.04002894274890423,21.181779098697007,7056,7056,0.08
r2a-ex03-67,7,w,,839.36,1123.04,806.65,269.74,269.11,267.8,262.31,0.22522301878780127,21.607136935926974,8064,8064,0.12
r2a-ex03-67,8,w,,867.95,1159.43,837.69,280.09,280.94,276.66,270.94,0.06518792361021042,21.113972063176334,9072,9072,0.07
r2a-ex03-67,9,w,,904.49,1208.51,874.01,295.67,290.23,288.11,283.26,0.08214707486331463,21.10735105816275,10080,10080,0.1
r2a-ex03-67,10,w,,940.27,1254.3,908.8,304.21,302.29,302.3,293.6,0.029328977689146996,20.966376061551273,11088,11088,0.09
r2a-ex03-67,11,w,,964.75,1288.69,934.51,308.25,312.94,313.32,303.47,0.07614796049892902,21.515159052796662,12096,12096,0.09
r2a-ex03-67,12,w,,981.27,1305.05,952.01,328.73,312.65,310.63,302.94,0.13085594400763512,20.937656983733177,13104,12096,0.11
r2a-ex03-67,13,w,,976.19,1300.72,944.88,325.01,310.1,309.77,303.75,0.130105996504426,21.387433051131666,14112,12096,0.11
r2a-ex03-67,14,w,,975.05,1299.0,944.37,322.91,310.26,311.21,303.46,0.07514795288443565,21.46127203013748,15120,12096,0.08
r2a-ex03-67,15,w,,975.93,1300.28,945.21,321.97,309.99,313.25,303.93,0.1676849788054824,21.250716992653906,16128,12096,0.09
r2a-ex03-67,16,w,,971.55,1293.43,941.97,316.55,313.46,311.96,301.33,0.1908239210024476,21.132661029696465,17136,12096,0.16
r2a-ex03-67,17,w,,981.19,1304.86,950.95,328.11,311.5,311.34,303.21,0.18058496061712503,21.25709701795131,18144,12096,0.1
r2a-ex03-67,18,w,,980.5,1304.58,949.9,325.69,312.36,311.84,304.14,0.08649704977869987,21.117541007697582,19152,12096,0.1
r2a-ex03-67,19,w,,995.53,1320.72,964.39,330.71,318.39,315.29,304.57,0.0747280428186059,21.144760074093938,20160,12096,0.1
r2a-ex03-67,20,w,,981.4,1305.53,949.89,325.66,311.04,313.19,303.59,0.03351899795234203,21.30992489401251,21168,12096,0.14
r2a-ex03-67,21,w,,971.89,1296.86,942.89,319.16,313.36,310.37,304.22,0.030188937671482563,21.023634006269276,22176,12096,0.08
r2a-ex03-67,22,w,,988.3,1312.39,958.13,331.27,312.89,313.96,304.25,0.06882799789309502,20.967606105841696,23184,12096,0.09
r2a-ex03-67,23,w,,983.32,1311.03,954.41,328.63,313.12,312.66,307.38,0.15675497706979513,21.11647091805935,24192,12096,0.13
r2a-ex03-67,24,w,,1000.36,1331.5,969.22,335.38,316.47,317.36,310.8,0.13826589565724134,21.44529193174094,25200,12096,0.14
r2a-ex03-67,25,w,,980.4,1301.73,947.47,328.04,311.0,308.43,301.25,0.146026024594903,20.994944963604212,26208,12096,0.08
r2a-ex03-67,26,w,,978.84,1297.45,949.35,324.14,312.55,312.66,298.17,0.06579793989658356,20.831289933994412,27216,12096,0.08
r2a-ex03-67,27,w,,986.79,1311.46,956.09,331.2,314.64,310.25,305.08,0.09849702473729849,21.76182297989726,28224,12096,0.08
r2a-ex03-67,28,w,,977.36,1304.32,944.78,323.37,310.91,310.5,306.09,0.14755595475435257,21.032853983342648,29232,12096,0.08
r2a-ex03-67,29,w,,974.13,1298.9,946.08,325.66,310.06,310.36,304.48,0.029539107345044613,21.01279399357736,30240,12096,0.11
r2a-ex03-67,30,w,,985.23,1306.6,956.28,329.87,313.11,313.3,301.32,0.01724890898913145,21.505650016479194,31248,12096,0.1
r2a-ex03-67,31,w,,978.63,1305.6,948.88,320.55,315.18,313.14,306.89,0.12003607116639614,21.16102003492415,32256,12096,0.14
r2a-ex03-67,32,w,,994.2,1320.11,960.17,332.19,314.16,313.81,305.28,0.12592598795890808,21.628216025419533,33264,12096,0.11
r2a-ex03-67,33,w,,989.1,1314.92,957.38,329.78,313.55,314.05,305.68,0.030169030651450157,21.419803029857576,34272,12096,0.08
r2a-ex03-67,34,w,,990.66,1316.29,959.76,328.75,316.66,314.34,305.29,0.393977970816195,21.246007061563432,35280,12096,0.12
r2a-ex03-67,35,w,,993.2,1319.14,959.98,330.63,315.22,314.14,305.13,0.021660001948475838,21.53093903325498,36288,12096,0.13
r2a-ex03-67,36,w,,987.19,1312.18,958.21,331.32,314.71,312.19,304.58,0.15849503688514233,21.153509966097772,37296,12096,0.14
r2a-ex03-67,37,w,,989.4,1314.82,957.1,330.77,313.23,313.11,304.91,0.19912398420274258,21.428043022751808,38304,12096,0.1
r2a-ex03-67,38,w,,987.81,1317.66,956.4,327.52,313.75,315.13,309.57,0.16091600991785526,20.979414926841855,39312,12096,0.12
r2a-ex03-67,39,w,,983.23,1308.21,952.27,328.33,311.9,312.04,305.02,1.9328229827806354,21.111821988597512,40320,12096,0.13
r2a-ex03-67,40,w,,986.47,1314.49,956.69,328.07,315.08,313.55,307.25,0.6417009280994534,21.05284307617694,41328,12096,0.09
r2a-ex03-67,41,w,,977.41,1302.17,948.38,319.83,314.26,314.29,304.68,0.031449017114937305,21.448511979542673,42336,12096,0.09
r2a-ex03-67,42,w,,993.73,1322.6,962.21,334.4,313.32,314.49,308.45,0.15400501433759928,21.200299030169845,43344,12096,0.08
r2a-ex03-67,43,w,,985.35,1316.75,952.68,328.88,310.65,313.15,310.5,0.11768599506467581,21.181068965233862,44352,12096,0.12
r2a-ex03-67,44,w,,990.64,1317.59,961.57,336.0,313.85,311.71,306.82,0.0708580482751131,21.54734800569713,45360,12096,0.13
r2a-ex03-67,45,w,,981.23,1304.92,949.0,326.67,311.88,310.46,303.58,0.9419330162927508,21.211178973317146,46368,12096,0.12
r2a-ex03-67,46,w,,988.05,1315.21,955.16,328.96,313.34,312.86,306.77,0.13257598038762808,20.983555004931986,47376,12096,0.08
r2a-ex03-67,47,w,,984.81,1310.54,954.64,329.23,314.21,311.21,305.96,0.16647495795041323,21.139590069651604,48384,12096,0.09
r2a-ex03-67,48,w,,1005.98,1330.54,973.91,340.73,318.37,314.81,303.64,0.23051293101161718,20.984855014830828,49392,12096,0.1
r2a-ex03-67,49,w,,980.52,1306.51,948.79,323.98,313.93,310.88,305.51,0.09361701086163521,21.13163098692894,50400,12096,0.12
r2a-ex03-67,50,w,,990.63,1316.55,958.88,329.13,314.3,315.44,305.78,0.10250695049762726,20.730001968331635,51408,12096,0.11
r2a-ex03-67,51,w,,983.36,1309.13,952.06,324.78,312.84,314.45,304.75,0.11507701128721237,21.211739047430456,52416,12096,0.1
r2a-ex03-67,52,w,,993.62,1319.03,959.59,332.13,314.0,313.46,304.8,0.2943009603768587,21.054634009487927,53424,12096,0.1
r2a-ex03-67,53,w,,983.29,1309.36,949.78,327.24,311.36,311.17,305.97,0.09390793275088072,21.132780937477946,54432,12096,0.08
r2a-ex03-67,54,w,,987.96,1310.29,956.93,331.6,313.36,311.97,302.07,0.24933298118412495,21.190158906392753,55440,12096,0.09
r2a-ex03-67,55,w,,978.31,1304.62,946.82,324.76,310.44,311.61,306.04,0.18255505710840225,21.55173907522112,56448,12096,0.14
r2a-ex03-67,56,w,,994.65,1319.7,962.54,329.72,318.71,314.11,304.08,0.20500400569289923,21.236157976090908,57456,12096,0.08
r2a-ex03-67,57,w,,987.06,1311.91,954.66,330.0,312.02,312.64,304.72,0.025258981622755527,21.38082403689623,58464,12096,0.19
r2a-ex03-67,58,w,,979.03,1303.5,946.95,323.45,311.71,311.79,303.83,0.029098941013216972,21.64743607863784,59472,12096,0.08
r2a-ex03-67,59,w,,977.99,1302.83,948.29,327.09,311.36,309.84,304.58,0.2074139192700386,21.22118801344186,60480,12096,0.14
r2a-ex03-67,60,w,,986.74,1310.6,955.74,330.11,314.16,311.47,303.57,0.11519691906869411,21.052032941952348,61488,12096,0.36
r2a-ex03-67,61,w,,973.82,1299.16,943.5,317.18,313.81,312.51,304.77,0.02517004031687975,21.223648102022707,62496,12096,0.15
r2a-ex03-67,62,w,,982.7,1306.96,951.18,325.83,312.85,312.5,304.11,0.16239495016634464,21.260567009449005,63504,12096,0.15
r2a-ex03-67,63,w,,987.02,1312.42,953.58,329.87,313.32,310.39,304.54,0.03270898014307022,21.047773072496057,64512,12096,0.17
r2a-ex03-67,64,w,,979.86,1305.62,949.04,323.07,314.02,311.95,305.01,0.18242502119392157,21.042783046141267,65520,12096,0.09
r2a-ex03-67,65,w,,981.79,1308.79,950.76,326.76,311.87,312.14,305.12,0.029118964448571205,21.116401068866253,66528,12096,0.11
r2a-ex03-67,66,w,,996.4,1322.7,964.13,332.11,318.53,313.48,305.79,0.28964097145944834,21.17603993974626,67536,12096,0.08
r2a-ex03-67,67,w,,990.03,1316.09,957.15,330.08,313.61,313.46,304.98,0.08290796540677547,21.227638004347682,68544,12096,1.65
r2c-ex00-240,1,w,maturity,623.81,840.52,580.32,199.02,187.3,194.0,196.7,0.16281509306281805,20.29633102938533,2016,2016,0.09
r2c-ex00-240,2,w,maturity,640.83,865.06,612.5,207.68,198.92,205.9,204.24,0.04765903577208519,20.23240295238793,3024,3024,0.1
r2c-ex00-240,3,w,maturity,700.55,936.53,670.62,225.15,223.84,221.63,216.2,0.14883594121783972,20.446576992981136,4032,4032,0.1
r2c-ex00-240,4,w,maturity,725.09,969.73,692.94,232.33,230.09,230.53,224.08,0.17878494691103697,20.78838599845767,5040,5040,0.08
r2c-ex00-240,5,w,maturity,750.55,1007.68,720.97,240.53,240.08,240.36,235.45,0.10045699309557676,20.452087046578526,6048,6048,0.08
r2c-ex00-240,6,w,maturity,808.6,1081.48,778.19,259.3,260.56,258.33,252.09,0.034059048630297184,21.421998040750623,7056,7056,0.11
r2c-ex00-240,7,w,maturity,841.49,1125.71,811.04,274.2,269.22,267.62,263.74,0.14893594197928905,21.185774938203394,8064,8064,0.13
r2c-ex00-240,8,w,maturity,872.58,1165.82,840.98,279.43,283.14,278.42,273.13,0.17243495676666498,21.450967993587255,9072,9072,0.1
r2c-ex00-240,9,w,maturity,918.17,1220.83,884.44,299.06,293.38,292.0,282.36,2.1439979318529367,21.146835992112756,10080,10080,0.12
r2c-ex00-240,10,w,maturity,943.93,1257.84,912.17,308.25,303.22,300.7,293.36,1.2901329901069403,21.39454905409366,11088,11088,0.1
r2c-ex00-240,11,w,maturity,962.4,1286.14,932.74,305.97,313.67,313.1,303.06,0.035729026421904564,21.197814028710127,12096,12096,0.1
r2c-ex00-240,12,w,maturity,996.03,1320.72,963.51,334.03,316.39,313.09,304.44,0.19409507513046265,21.251813042908907,13104,12096,0.12
r2c-ex00-240,13,w,maturity,990.54,1315.98,958.96,334.17,312.81,311.98,305.27,0.1390860415995121,21.082898019813,14112,12096,0.1
r2c-ex00-240,14,w,maturity,997.47,1320.54,968.08,332.86,320.54,314.68,303.02,0.13370602391660213,21.34872996248305,15120,12096,0.1
r2c-ex00-240,15,w,maturity,988.64,1317.65,957.68,329.83,313.14,314.71,308.43,0.3059209557250142,21.187414997257292,16128,12096,0.09
r2c-ex00-240,16,w,maturity,978.08,1301.91,948.11,322.58,313.8,311.73,303.49,0.05135801620781422,21.12587704323232,17136,12096,0.11
r2c-ex00-240,17,w,maturity,981.96,1304.75,950.2,326.07,310.97,313.17,302.41,0.032249023206532,21.752428961917758,18144,12096,0.09
r2c-ex00-240,18,w,maturity,988.21,1315.78,954.28,329.77,312.73,311.77,306.62,0.39547798223793507,21.340850042179227,19152,12096,0.11
r2c-ex00-240,19,w,maturity,985.6,1308.67,954.01,327.09,314.17,312.75,302.94,0.21599396131932735,21.469276980496943,20160,12096,0.1
r2c-ex00-240,20,w,maturity,985.76,1314.85,954.95,326.98,313.57,314.4,308.18,0.05262799095362425,21.208813996054232,21168,12096,0.09
r2c-ex00-240,21,w,maturity,977.27,1304.46,947.49,319.79,316.63,311.07,305.55,0.042498926632106304,21.143356105312705,22176,12096,0.11
r2c-ex00-240,22,w,maturity,994.0,1319.52,964.06,327.84,319.01,317.21,305.26,0.09530794341117144,20.885313977487385,23184,12096,0.08
r2c-ex00-240,23,w,maturity,995.11,1322.24,960.65,331.4,316.33,312.91,306.3,0.2206140197813511,21.859365049749613,24192,12096,0.1
r2c-ex00-240,24,w,maturity,988.72,1314.92,958.3,329.46,314.21,314.64,305.87,0.15208590775728226,21.48700598627329,25200,12096,0.08
r2c-ex00-240,25,w,maturity,993.98,1321.93,961.24,326.57,318.3,316.37,307.16,0.06194901652634144,21.420617937110364,26208,12096,0.1
r2c-ex00-240,26,w,maturity,995.67,1323.31,964.35,333.78,314.21,316.36,306.97,0.09361701086163521,21.311112097464502,27216,12096,0.11
r2c-ex00-240,27,w,maturity,990.99,1317.39,961.57,332.65,314.33,314.59,306.35,0.14376698527485132,21.076050004921854,28224,12096,0.13
r2c-ex00-240,28,w,maturity,998.11,1326.12,965.25,333.07,316.49,315.69,307.34,0.0838779378682375,21.37800306081772,29232,12096,0.18
r2c-ex00-240,29,w,maturity,996.47,1325.57,963.68,333.75,315.08,314.85,308.13,0.28146407566964626,21.275745937600732,30240,12096,0.1
r2c-ex00-240,30,w,maturity,991.82,1317.75,960.17,332.14,314.42,313.61,305.75,0.14484708663076162,21.53561997693032,31248,12096,0.08
r2c-ex00-240,31,w,maturity,980.61,1308.17,950.38,320.89,314.7,314.79,307.32,0.14321703929454088,21.824212977662683,32256,12096,0.19
r2c-ex00-240,32,w,maturity,993.76,1322.92,961.22,328.31,314.15,318.76,308.47,0.03252900205552578,21.459019975736737,33264,12096,0.14
r2c-ex00-240,33,w,maturity,990.21,1317.87,957.76,331.2,314.27,312.28,307.48,0.026379944756627083,21.607017028145492,34272,12096,0.11
r2c-ex00-240,34,w,maturity,998.89,1326.54,966.47,334.04,317.75,314.68,306.53,0.2315649762749672,21.361561957746744,35280,12096,0.12
r2c-ex00-240,35,w,maturity,1011.5,1338.02,980.16,343.98,319.22,316.95,305.74,0.11729693505913019,21.825751988217235,36288,12096,0.08
r2c-ex00-240,36,w,maturity,992.32,1322.15,962.48,334.97,314.18,313.32,308.11,0.12595695443451405,21.785562043078244,37296,12096,0.12
r2c-ex00-240,37,w,maturity,988.21,1313.89,956.43,325.83,314.9,315.7,305.29,0.1343770418316126,21.917158039286733,38304,12096,0.09
r2c-ex00-240,38,w,maturity,994.1,1320.72,962.44,329.41,318.18,314.85,305.78,0.02740893978625536,21.21234405785799,39312,12096,0.1
r2c-ex00-240,39,w,maturity,982.87,1307.56,951.66,325.86,313.25,312.56,304.36,0.19656599033623934,21.48386707995087,40320,12096,0.11
r2c-ex00-240,40,w,maturity,983.83,1311.29,953.0,326.04,312.71,314.24,306.47,0.2538339467719197,21.522775990888476,41328,12096,0.08
r2c-ex00-240,41,w,maturity,983.64,1311.71,953.07,322.99,315.98,314.09,308.04,0.06806792225688696,21.682512015104294,42336,12096,0.11
r2c-ex00-240,42,w,maturity,997.9,1327.91,963.19,330.27,316.68,316.24,309.15,0.15931599773466587,21.855838946066797,43344,12096,0.11
r2c-ex00-240,43,w,maturity,999.36,1328.78,969.9,334.47,317.81,317.62,307.49,0.0761980190873146,21.60215296316892,44352,12096,0.1
r2c-ex00-240,44,w,maturity,1000.59,1328.4,969.03,333.02,319.03,316.97,307.23,0.07663806900382042,21.85223705600947,45360,12096,0.09
r2c-ex00-240,45,w,maturity,1008.33,1338.24,978.06,338.48,320.45,319.13,308.25,0.1746059861034155,21.51271398179233,46368,12096,0.13
r2c-ex00-240,46,w,maturity,1000.8,1327.68,969.57,338.04,314.71,316.82,306.06,0.09898794814944267,21.229980047792196,47376,12096,0.12
r2c-ex00-240,47,w,maturity,993.3,1320.71,961.12,326.24,317.62,317.27,307.19,0.16010692343115807,21.617130958475173,48384,12096,0.09
r2c-ex00-240,48,w,maturity,998.2,1326.61,966.81,331.45,317.28,318.08,307.68,0.1624060096219182,21.366417058743536,49392,12096,0.09
r2c-ex00-240,49,w,maturity,995.21,1323.78,963.9,330.9,315.2,317.8,308.12,0.17908599693328142,21.518653025850654,50400,12096,0.08
r2c-ex00-240,50,w,maturity,1013.73,1340.99,981.12,338.65,322.17,320.3,307.03,0.07306900806725025,21.424575010314584,51408,12096,0.09
r2c-ex00-240,51,w,maturity,985.3,1314.05,954.16,326.71,314.86,312.6,308.78,0.049249036237597466,21.338847000151873,52416,12096,0.18
r2c-ex00-240,52,w,maturity,992.44,1319.65,962.97,331.61,313.69,317.67,306.38,0.176777015440166,21.36844501364976,53424,12096,0.25
r2c-ex00-240,53,w,maturity,992.97,1321.41,962.01,331.5,314.47,316.04,307.78,0.159517046995461,21.566761075519025,54432,12096,0.1
r2c-ex00-240,54,w,maturity,998.83,1328.47,968.23,331.5,319.26,317.47,308.06,0.0231890007853508,21.403454011306167,55440,12096,0.1
r2c-ex00-240,55,w,maturity,1007.36,1335.47,973.91,337.29,320.17,316.45,307.43,0.18216599710285664,21.81777497753501,56448,12096,0.08
r2c-ex00-240,56,w,maturity,995.76,1321.99,966.77,332.17,318.48,316.12,306.19,0.016369973309338093,21.487361984327435,57456,12096,0.09
r2c-ex00-240,57,w,maturity,992.05,1322.26,960.68,330.0,315.08,315.6,309.87,0.14530704356729984,21.25804591923952,58464,12096,0.19
r2c-ex00-240,58,w,maturity,994.58,1322.08,960.04,328.52,317.03,314.49,306.89,0.22718508262187243,21.418833057396114,59472,12096,0.11
r2c-ex00-240,59,w,maturity,1001.13,1326.98,969.34,338.03,316.66,314.64,305.49,0.18465600442141294,21.17754693608731,60480,12096,0.35
r2c-ex00-240,60,w,maturity,987.56,1315.97,955.93,326.0,315.98,313.95,307.63,0.09249802678823471,21.629667025990784,61488,12096,0.1
r2c-ex00-240,61,w,maturity,986.24,1314.38,956.3,321.82,318.05,316.42,307.34,0.0357689568772912,21.27461403142661,62496,12096,0.08
r2c-ex00-240,62,w,maturity,991.06,1315.06,961.55,331.62,314.63,315.31,303.85,0.10139693040400743,21.458250004798174,63504,12096,0.11
r2c-ex00-240,63,w,maturity,1003.31,1330.05,970.55,335.71,317.74,317.1,306.25,0.16754597891122103,21.77761308848858,64512,12096,0.12
r2c-ex00-240,64,w,maturity,992.25,1319.92,962.78,334.2,314.11,314.48,305.89,0.02593907993286848,21.290122997015715,65520,12096,0.1
r2c-ex00-240,65,w,maturity,997.06,1325.64,964.92,335.01,315.3,314.62,307.96,0.1903959782794118,21.407010965049267,66528,12096,0.13
r2c-ex00-240,66,w,maturity,984.18,1309.91,952.23,325.94,312.77,313.52,305.42,0.03391900099813938,21.52109704911709,67536,12096,0.1
r2c-ex00-240,67,w,maturity,996.33,1326.2,964.12,332.46,315.5,316.17,309.8,0.4582499386742711,21.25438302755356,68544,12096,0.11
r2c-ex00-240,68,w,maturity,988.91,1314.82,956.12,326.12,314.31,315.7,305.57,0.20072597544640303,22.008916013874114,69552,12096,0.11
r2c-ex00-240,69,w,maturity,994.26,1322.42,962.15,328.7,316.64,316.81,307.17,0.09083806071430445,21.087566041387618,70560,12096,0.18
r2c-ex00-240,70,w,maturity,1004.46,1331.95,973.08,337.5,319.29,316.3,306.55,0.08527806494385004,21.53368596918881,71568,12096,0.23
r2c-ex00-240,71,w,maturity,1001.38,1328.26,968.96,337.76,316.32,314.88,306.19,0.13439706526696682,21.6154339723289,72576,12096,0.58
r2c-ex00-240,72,w,maturity,1003.79,1334.04,972.22,337.44,318.3,316.48,309.75,0.024090055376291275,21.27572998870164,73584,12096,0.13
r2c-ex00-240,73,w,maturity,996.72,1329.65,966.43,334.03,315.04,317.36,312.06,0.16068597324192524,21.572233992628753,74592,12096,0.11
r2c-ex00-240,74,w,maturity,1007.87,1335.11,972.27,332.1,320.01,320.16,306.5,0.13048702385276556,21.54141408391297,75600,12096,2.38
r2c-ex00-240,75,w,maturity,1003.04,1339.19,971.38,334.45,319.49,317.44,314.92,0.16894598957151175,21.51417499408126,76608,12096,0.1
r2c-ex00-240,76,w,maturity,1006.02,1338.07,976.05,341.24,316.54,318.28,311.7,0.043119071051478386,21.40467695426196,77616,12096,0.07
r2c-ex00-240,77,w,maturity,1008.17,1335.72,972.69,337.77,317.92,317.0,306.99,0.06420805584639311,21.62935200612992,78624,12096,1.6
r2c-ex00-240,78,w,maturity,995.51,1327.5,964.55,332.55,315.69,316.31,311.67,0.23992510978132486,21.625790977850556,79632,12096,0.13
r2c-ex00-240,79,w,maturity,1004.16,1334.42,971.65,335.37,315.22,321.06,308.95,0.15732692554593086,21.338357008062303,80640,12096,0.11
r2c-ex00-240,80,w,maturity,997.24,1324.59,965.28,329.01,317.92,318.35,306.91,0.14975597150623798,21.61264093592763,81648,12096,0.11
r2c-ex00-240,81,w,maturity,997.84,1328.73,968.12,331.98,317.81,318.33,310.34,0.013469019904732704,21.530892001464963,82656,12096,0.08
r2c-ex00-240,82,w,maturity,996.9,1328.47,965.47,330.41,317.62,317.44,310.84,0.17080595716834068,21.564110997132957,83664,12096,0.12
r2c-ex00-240,83,w,maturity,994.85,1327.93,963.89,331.41,316.16,316.32,311.05,0.022419961169362068,21.408043918199837,84672,12096,0.09
r2c-ex00-240,84,w,maturity,993.23,1325.69,964.16,331.66,317.64,314.87,311.7,0.17777597531676292,21.508530946448445,85680,12096,0.22
r2c-ex00-240,85,w,maturity,1000.47,1330.16,965.9,332.83,315.91,317.15,308.34,0.025568995624780655,21.476341993547976,86688,12096,0.08
r2c-ex00-240,86,w,maturity,1002.39,1333.15,971.11,330.48,319.16,321.47,309.76,0.13913691509515047,21.728216903284192,87696,12096,0.08
r2c-ex00-240,87,w,maturity,1012.29,1341.76,979.82,340.05,321.09,318.69,308.03,0.19494607113301754,21.680456935428083,88704,12096,0.15
r2c-ex00-240,88,w,maturity,1002.85,1331.32,972.21,333.32,317.57,321.32,307.79,0.11434697080403566,21.84812305495143,89712,12096,0.08
r2c-ex00-240,89,w,maturity,997.04,1328.01,965.88,330.97,315.79,319.11,309.16,1.8490389920771122,21.74601494334638,90720,12096,0.09
r2c-ex00-240,90,w,maturity,1000.15,1332.56,967.97,334.1,319.18,314.69,309.52,0.209396006539464,21.404032944701612,91728,12096,0.12
r2c-ex00-240,91,w,maturity,996.28,1327.79,965.18,330.89,316.45,317.84,308.35,0.11206697672605515,21.345242974348366,92736,12096,0.13
r2c-ex00-240,92,w,maturity,1004.71,1332.19,970.33,337.3,315.52,317.51,306.8,0.22588507272303104,21.331882919184864,93744,12096,1.25
r2c-ex00-240,93,w,maturity,1006.81,1335.41,972.89,334.43,318.39,320.07,308.12,0.14531705528497696,21.637505968101323,94752,12096,1.18
r2c-ex00-240,94,w,maturity,1005.4,1335.96,973.76,337.86,317.63,318.26,309.84,0.0915479613468051,21.57546696253121,95760,12096,1.84
r2c-ex00-240,95,w,maturity,995.78,1325.28,961.61,329.23,316.22,316.15,308.79,0.08154800161719322,21.862800931558013,96768,12096,0.08
r2c-ex00-240,96,w,maturity,1005.86,1335.28,974.73,335.75,322.11,316.87,308.25,0.025379005819559097,21.26669406425208,97776,12096,0.15
r2c-ex00-240,97,w,maturity,996.76,1324.25,967.75,332.9,318.06,316.79,306.9,0.10252709034830332,21.43789001274854,98784,12096,0.12
r2c-ex00-240,98,w,maturity,998.47,1325.73,966.34,330.97,316.39,318.98,306.67,0.15244691167026758,21.153475041501224,99792,12096,0.11
r2c-ex00-240,99,w,maturity,1006.27,1336.7,973.55,336.92,319.61,317.02,309.53,0.2711840206757188,21.559235989116132,100800,12096,0.08
r2c-ex00-240,100,w,maturity,999.49,1327.93,967.39,331.67,318.3,317.43,307.95,0.16419589519500732,21.82453905697912,101808,12096,0.14
r2c-ex00-240,101,w,maturity,1003.11,1341.99,973.63,339.02,317.2,317.41,316.84,0.07099797949194908,21.624154062010348,102816,12096,0.08
r2c-ex00-240,102,w,maturity,994.11,1320.43,962.69,329.94,315.5,317.24,306.02,0.10317692067474127,21.663932944647968,103824,12096,0.14
r2c-ex00-240,103,w,maturity,1004.09,1335.64,970.47,332.91,319.69,317.87,311.33,0.2833340549841523,21.240091999061406,104832,12096,0.11
r2c-ex00-240,104,w,maturity,999.68,1328.26,967.38,332.83,315.23,319.33,307.78,0.22497493773698807,21.381928003393114,105840,12096,0.08
r2c-ex00-240,105,w,maturity,1011.86,1342.31,980.41,338.13,320.26,322.02,309.78,0.060008023865520954,21.956885000690818,106848,12096,0.08
r2c-ex00-240,106,w,maturity,1005.85,1338.16,973.23,334.63,322.23,316.36,311.17,0.15175703447312117,21.435925969853997,107856,12096,0.12
r2c-ex00-240,107,w,maturity,991.95,1327.61,961.35,332.61,315.29,313.45,313.93,1.9190169405192137,21.67240099515766,108864,12096,0.07
r2c-ex00-240,108,w,maturity,1007.95,1337.01,977.36,335.52,320.82,321.03,308.72,0.146217062138021,21.927665104158223,109872,12096,0.26
r2c-ex00-240,109,w,maturity,995.08,1324.27,963.89,330.98,316.44,316.47,308.47,2.287487965077162,21.77837793715298,110880,12096,0.12
r2c-ex00-240,110,w,maturity,992.94,1319.47,962.14,328.7,317.37,316.07,305.96,0.07132801692932844,21.342718042433262,111888,12096,0.09
r2c-ex00-240,111,w,maturity,1004.11,1333.64,972.4,336.85,318.98,316.57,308.16,0.09907700587064028,21.163890953175724,112896,12096,0.11
r2c-ex00-240,112,w,maturity,993.66,1320.88,962.2,331.68,314.21,316.3,306.37,0.015189987607300282,21.13622205797583,113904,12096,0.08
r2c-ex00-240,113,w,maturity,997.58,1326.53,968.01,334.38,317.27,316.37,308.41,0.1550070010125637,21.365286083891988,114912,12096,0.1
r2c-ex00-240,114,w,maturity,996.33,1324.21,963.1,334.45,315.45,313.21,307.31,0.02445909194648266,21.651200018823147,115920,12096,0.12
r2c-ex00-240,115,w,maturity,1001.54,1328.93,971.96,337.76,318.02,316.17,305.41,0.2114749513566494,21.416553994640708,116928,12096,0.23
r2c-ex00-240,116,w,maturity,996.14,1326.16,964.59,333.77,316.52,314.31,309.24,0.10630697943270206,21.247158059850335,117936,12096,0.1
r2c-ex00-240,117,w,maturity,995.7,1324.57,963.49,330.11,315.44,317.93,307.94,0.37260097451508045,21.350014954805374,118944,12096,0.14
r2c-ex00-240,118,w,maturity,992.08,1318.97,962.57,331.69,316.07,314.82,306.12,0.10700698476284742,21.09280100557953,119952,12096,0.37
r2c-ex00-240,119,w,maturity,991.54,1321.65,960.9,330.68,314.97,315.25,309.84,0.13320695143193007,21.175788016989827,120960,12096,0.08
r2c-ex00-240,120,w,maturity,988.16,1316.2,955.99,329.32,314.01,312.66,306.77,0.13922702055424452,21.587709081359208,121968,12096,0.11
r2c-ex00-240,121,w,maturity,997.4,1325.16,963.92,332.25,316.3,315.37,306.54,0.326763023622334,21.54619002249092,122976,12096,0.1
r2c-ex00-240,122,w,maturity,1001.24,1327.26,970.24,336.83,317.25,316.16,305.71,0.1146980794146657,21.203657030127943,123984,12096,0.07
r2c-ex00-240,123,w,maturity,990.28,1317.88,958.79,328.2,316.36,314.22,306.88,0.08754793088883162,21.452460903674364,124992,12096,0.1
r2c-ex00-240,124,w,maturity,998.38,1324.65,970.09,335.65,315.75,318.69,305.62,0.07232895586639643,21.063950029201806,126000,12096,0.08
r2c-ex00-240,125,w,maturity,996.26,1325.57,962.66,333.56,314.44,314.66,308.6,0.24371501058340073,21.114618983119726,127008,12096,0.11
r2c-ex00-240,126,w,maturity,992.18,1317.13,959.0,330.35,313.27,315.38,304.45,0.5084580043330789,21.440171054564416,128016,12096,0.1
r2c-ex00-240,127,w,maturity,994.96,1323.75,963.12,330.48,316.68,315.96,308.02,0.07379800081253052,21.769113023765385,129024,12096,0.1
r2c-ex00-240,128,w,maturity,991.09,1322.71,960.57,328.24,315.08,317.25,310.89,0.0897879945114255,21.36443299241364,130032,12096,0.11
r2c-ex00-240,129,w,maturity,993.48,1320.33,961.67,332.55,314.75,314.37,306.66,0.03543891943991184,21.19097497779876,131040,12096,0.08
r2c-ex00-240,130,w,maturity,999.62,1324.54,965.75,332.58,316.56,316.61,304.11,0.11340691708028316,21.213945001363754,132048,12096,1.91
r2c-ex00-240,131,w,maturity,994.52,1323.29,962.03,331.91,315.35,314.76,308.22,0.02575002145022154,21.779461996629834,133056,12096,0.11
r2c-ex00-240,132,w,maturity,988.26,1318.69,955.42,326.89,315.77,312.77,308.45,0.09174796286970377,21.522277034819126,134064,12096,0.1
r2c-ex00-240,133,w,maturity,998.87,1323.86,967.79,337.36,315.61,314.82,304.43,0.11713802814483643,22.087284014560282,135072,12096,0.07
r2c-ex00-240,134,w,maturity,996.35,1324.94,963.27,333.0,316.58,313.69,306.91,0.22568495478481054,21.277413005009294,136080,12096,0.12
r2c-ex00-240,135,w,maturity,999.82,1326.33,968.35,333.61,316.71,318.04,305.68,0.11542695574462414,21.79834002163261,137088,12096,0.1
r2c-ex00-240,136,w,maturity,997.18,1323.34,965.48,332.19,315.42,317.88,305.76,0.04178890958428383,21.367060020565987,138096,12096,0.09
r2c-ex00-240,137,w,maturity,992.07,1318.67,960.66,329.43,314.89,316.34,305.9,0.24026399478316307,21.240292000584304,139104,12096,0.09
r2c-ex00-240,138,w,maturity,995.39,1323.7,963.65,332.13,316.59,314.93,306.76,0.09249802678823471,21.398157929070294,140112,12096,0.09
r2c-ex00-240,139,w,maturity,989.67,1316.23,959.45,330.15,313.9,315.4,305.54,0.10914704762399197,21.249552024528384,141120,12096,0.09
r2c-ex00-240,140,w,maturity,994.23,1322.39,965.12,334.26,314.75,316.12,307.33,0.1474670134484768,21.28466102294624,142128,12096,0.12
r2c-ex00-240,141,w,maturity,995.49,1321.46,963.81,330.98,315.28,317.55,305.15,2.4170740507543087,21.252940990962088,143136,12096,0.1
r2c-ex00-240,142,w,maturity,996.29,1324.32,965.01,334.0,316.54,314.48,307.58,0.14628702774643898,21.266660070978105,144144,12096,0.12
r2c-ex00-240,143,w,maturity,996.58,1323.48,965.52,335.15,317.16,313.21,306.34,0.09361794218420982,21.205301978625357,145152,12096,0.12
r2c-ex00-240,144,w,maturity,999.76,1328.57,967.39,337.1,315.77,314.52,308.25,0.250793993473053,21.478874958120286,146160,12096,0.11
r2c-ex00-240,145,w,maturity,995.05,1325.52,965.21,331.32,317.26,316.62,310.21,0.17673603724688292,21.358787082135677,147168,12096,0.12
r2c-ex00-240,146,w,maturity,999.83,1325.65,967.12,333.71,317.02,316.39,305.23,0.33845193684101105,21.039055078290403,148176,12096,0.14
r2c-ex00-240,147,w,maturity,993.87,1320.86,962.53,329.91,316.97,315.65,306.26,0.07197796367108822,21.4388050371781,149184,12096,0.1
r2c-ex00-240,148,w,maturity,1005.85,1331.55,974.59,343.69,316.57,314.33,305.42,1.2337520020082593,21.711378009058535,150192,12096,0.21
r2c-ex00-240,149,w,maturity,990.59,1320.24,958.41,329.21,315.04,314.16,309.11,0.07008900865912437,21.179051022045314,151200,12096,0.08
r2c-ex00-240,150,w,maturity,988.84,1316.77,955.85,328.39,313.2,314.26,306.65,0.24472398217767477,21.366086089983582,152208,12096,0.1
r2c-ex00-240,151,w,r3a,986.45,1315.28,956.42,323.88,317.81,314.73,308.05,0.10127807036042213,21.551281097345054,153216,12096,0.08
r2c-ex00-240,152,w,r3a,999.39,1324.08,967.77,334.46,317.32,316.0,304.28,0.16351602971553802,21.285966970026493,154224,12096,0.13
r2c-ex00-240,153,j,r3a,994.17,1321.2,964.36,330.76,317.6,316.01,306.95,0.012249918654561043,21.405893960036337,155232,12096,0.16
r2c-ex00-240,154,j,r3a,997.73,1324.6,966.6,334.64,315.73,316.22,305.93,0.011740019544959068,21.39288396574557,156240,12096,0.12
r2c-ex00-240,155,w,r3a,991.47,1321.07,962.03,331.31,315.2,315.52,308.44,0.05887902807444334,21.17054001428187,157248,12096,0.08
r2c-ex00-240,156,k,r3a,984.32,1310.28,953.71,324.14,316.35,313.21,305.71,0.0733289634808898,21.418033982627094,158256,12096,0.08
r2c-ex00-240,157,w,r3a,1000.24,1329.62,969.65,332.66,321.27,315.73,308.87,0.08202798198908567,21.002282039262354,159264,12096,0.08
r2c-ex00-240,158,l,r3a,990.59,1315.75,960.32,325.64,318.35,316.33,304.59,0.041329069063067436,21.489760954864323,160272,12096,0.1
r2c-ex00-240,159,w,maturity,991.48,1316.38,961.81,327.05,318.11,316.66,304.41,0.04434899892657995,21.496770903468132,161280,12096,0.11
r2c-ex00-240,160,w,maturity,995.78,1321.3,967.92,332.1,317.82,318.0,305.27,0.01868000254034996,21.387013024650514,162288,12096,0.09
r2c-ex00-240,161,w,maturity,993.91,1321.3,962.6,332.9,314.05,315.66,306.31,0.14637596905231476,21.153797977603972,163296,12096,0.11
r2c-ex00-240,162,w,maturity,988.33,1315.96,957.45,327.11,314.39,315.94,307.21,0.2818229841068387,21.37224201578647,164304,12096,0.11
r2c-ex00-240,163,w,maturity,993.09,1320.53,960.77,329.18,316.39,315.2,306.8,0.051228911615908146,21.278395084664226,165312,12096,0.15
r2c-ex00-240,164,w,maturity,995.42,1321.75,963.64,332.24,317.4,314.0,305.52,0.036999001167714596,21.353631978854537,166320,12096,0.09
r2c-ex00-240,165,w,maturity,994.36,1319.99,963.46,332.34,314.56,316.56,305.42,0.24103501345962286,21.384801948443055,167328,12096,0.1
r2c-ex00-240,166,w,maturity,987.77,1318.39,957.18,327.79,314.41,314.99,309.52,0.15428592450916767,21.156265982426703,168336,12096,0.1
r2c-ex00-240,167,w,maturity,1000.99,1327.63,968.75,338.04,315.69,315.02,304.91,0.28990302234888077,21.241084905341268,169344,12096,0.12
r2c-ex00-240,168,w,maturity,986.32,1314.78,955.94,328.6,315.2,312.14,307.9,0.06352807395160198,21.20261499658227,170352,12096,0.1
r2c-ex00-240,169,w,maturity,989.81,1316.76,958.59,329.23,315.16,314.2,305.82,0.10072800796478987,21.149305975995958,171360,12096,0.13
r2c-ex00-240,170,w,maturity,1001.34,1328.78,970.08,338.23,316.37,315.48,306.5,0.1694259699434042,21.284491987898946,172368,12096,0.08
r2c-ex00-240,171,w,maturity,994.91,1322.0,962.46,331.02,315.9,315.53,304.83,0.16361696179956198,21.294742939062417,173376,12096,0.09
r2c-ex00-240,172,w,maturity,998.95,1325.69,966.96,337.32,316.49,313.15,306.18,0.028469949029386044,21.09567599836737,174384,12096,0.09
r2c-ex00-240,173,w,maturity,993.72,1322.36,962.75,334.29,317.05,311.41,307.4,0.08037802763283253,21.26702305395156,175392,12096,0.09
r2c-ex00-240,174,w,maturity,985.7,1311.26,953.83,328.72,312.29,312.82,305.12,0.1517359632998705,21.225654054433107,176400,12096,0.13
r2c-ex00-240,175,w,maturity,997.58,1324.09,965.77,332.9,318.3,314.58,305.22,0.24846498854458332,21.14889502990991,177408,12096,0.11
r2c-ex00-240,176,w,maturity,988.52,1315.19,958.71,329.12,313.11,316.48,304.95,0.09962799958884716,21.116164978593588,178416,12096,0.09
r2c-ex00-240,177,w,maturity,992.37,1318.66,963.07,334.6,314.71,313.75,305.64,0.1874660374596715,21.542935050092638,179424,12096,0.12
r2c-ex00-240,178,w,maturity,990.07,1316.42,960.47,331.79,312.85,315.83,305.64,0.1772459363564849,21.091055939905345,180432,12096,0.09
r2c-ex00-240,179,w,maturity,991.33,1316.57,961.27,331.82,313.78,315.68,305.45,0.05053903441876173,21.28456102218479,181440,12096,0.08
r2c-ex00-240,180,w,maturity,987.09,1315.52,957.85,330.21,313.79,313.84,307.9,0.13666704762727022,21.172882989048958,182448,12096,0.11
r2c-ex00-240,181,w,maturity,985.78,1312.17,955.88,326.84,316.15,312.88,306.06,0.028920010663568974,21.421696059405804,183456,12096,0.07
r2c-ex00-240,182,w,maturity,989.42,1313.12,960.65,331.12,315.0,314.53,302.93,0.09926804341375828,21.05531608685851,184464,12096,0.24
r2c-ex00-240,183,w,maturity,997.02,1322.23,966.14,331.43,320.31,314.41,304.6,0.10842795018106699,21.344657987356186,185472,12096,0.17
r2c-ex00-240,184,w,maturity,995.96,1320.98,962.95,330.41,317.94,314.6,304.7,0.1847059465944767,21.07343391980976,186480,12096,0.09
r2c-ex00-240,185,w,maturity,990.02,1316.7,959.37,331.49,314.81,313.07,306.42,0.14085695147514343,20.99324599839747,187488,12096,0.14
r2c-ex00-240,186,w,maturity,986.08,1311.09,954.2,327.86,314.1,312.24,304.7,0.08829799480736256,21.372847026214004,188496,12096,0.11
r2c-ex00-240,187,w,maturity,997.7,1323.39,967.49,338.4,315.01,314.08,305.61,0.04718895070254803,21.082653081975877,189504,12096,0.17
r2c-ex00-240,188,w,maturity,992.18,1319.27,961.02,330.42,313.78,316.82,306.41,0.1602059928700328,21.271989098750055,190512,12096,0.08
r2c-ex00-240,189,w,maturity,990.12,1317.56,958.98,326.82,315.41,316.76,306.38,0.12921704910695553,21.267128991894424,191520,12096,0.15
r2c-ex00-240,190,w,maturity,992.24,1318.12,959.8,330.74,315.43,313.62,305.31,0.0634979223832488,21.279917913489044,192528,12096,0.23
r2c-ex00-240,191,w,maturity,989.1,1316.07,958.6,328.32,313.76,316.52,306.59,0.07892795838415623,21.048133028671145,193536,12096,0.11
r2c-ex00-240,192,w,maturity,988.18,1316.27,957.44,330.0,313.7,313.74,307.12,0.11509808246046305,21.287637064233422,194544,12096,0.14
r2c-ex00-240,193,w,maturity,995.0,1321.69,963.82,332.12,316.03,315.67,306.1,0.09341805707663298,21.311655989848077,195552,12096,0.08
r2c-ex00-240,194,w,maturity,1006.6,1333.08,973.95,339.24,317.87,316.83,306.24,0.13757601846009493,21.5051609557122,196560,12096,0.08
r2c-ex00-240,195,w,maturity,996.61,1322.79,963.85,329.68,319.08,315.09,305.29,0.13004697393625975,21.53642103075981,197568,12096,0.12
r2c-ex00-240,196,w,maturity,990.07,1314.43,960.08,328.81,314.5,316.77,304.14,1.4503250131383538,21.118119941093028,198576,12096,0.1
r2c-ex00-240,197,w,maturity,999.52,1327.15,968.07,337.96,316.83,313.28,307.56,0.11259689927101135,21.153119043447077,199584,12096,0.14
r2c-ex00-240,198,w,maturity,991.44,1316.17,962.25,331.14,314.44,316.68,304.11,0.05382893141359091,21.436703042127192,200592,12096,0.11
r2c-ex00-240,199,w,maturity,991.83,1320.55,961.58,330.31,315.49,315.78,308.19,0.07219891995191574,21.027822047472,201600,12096,0.11
r2c-ex00-240,200,w,maturity,992.55,1320.04,959.32,329.29,314.92,315.11,307.09,0.1468070549890399,21.974649047479033,202608,12096,0.09
r2c-ex00-240,201,w,maturity,991.44,1318.5,961.23,326.49,318.56,316.18,306.19,0.06687792483717203,21.650227019563317,203616,12096,0.12
r2c-ex00-240,202,w,maturity,1001.65,1331.66,968.93,335.12,317.7,316.11,308.58,0.1611659536138177,21.6030579758808,204624,12096,0.08
r2c-ex00-240,203,w,maturity,991.72,1323.68,961.43,330.97,314.05,316.41,311.53,0.1737260026857257,21.11835905816406,205632,12096,0.08
r2c-ex00-240,204,w,maturity,995.27,1322.17,964.89,332.01,315.8,317.08,305.6,0.041498919017612934,21.42966096289456,206640,12096,0.1
r2c-ex00-240,205,w,maturity,995.35,1325.26,962.74,331.32,315.99,315.42,309.5,0.19577599596232176,21.489260019734502,207648,12096,0.11
r2c-ex00-240,206,w,maturity,996.23,1322.92,964.08,331.38,316.82,315.87,305.61,2.3267640499398112,21.42790099605918,208656,12096,0.07
r2c-ex00-240,207,w,maturity,997.46,1326.83,966.62,333.65,316.84,316.13,308.6,0.107318046502769,21.552548045292497,209664,12096,0.07
r2c-ex00-240,208,w,maturity,997.87,1323.39,966.27,334.26,317.05,314.96,305.08,0.13835704885423183,21.47418900858611,210672,12096,0.1
r2c-ex00-240,209,w,maturity,999.98,1328.18,967.11,334.03,317.55,315.53,307.23,1.4199459692463279,21.113807917572558,211680,12096,0.1
r2c-ex00-240,210,w,maturity,1000.31,1328.79,966.41,333.81,316.99,315.61,308.32,1.250061090104282,21.566977025941014,212688,12096,0.12
r2c-ex00-240,211,w,maturity,1000.9,1325.05,968.33,338.0,316.93,313.4,303.82,0.1369569217786193,21.657014032825828,213696,12096,0.11
r2c-ex00-240,212,w,maturity,995.54,1321.48,962.63,333.84,315.52,313.26,305.75,0.12132700067013502,21.24256396200508,214704,12096,0.44
r2c-ex00-240,213,w,maturity,996.24,1323.35,964.65,332.14,315.47,317.05,306.27,0.18932507373392582,21.77659096196294,215712,12096,0.09
r2c-ex00-240,214,w,maturity,994.25,1323.18,964.04,334.55,315.14,314.35,308.16,0.058289035223424435,21.51886699721217,216720,12096,0.13
r2c-ex00-240,215,w,maturity,989.44,1315.38,958.84,329.98,313.31,315.55,305.74,0.15245599206537008,20.936860935762525,217728,12096,0.09
r2c-ex00-240,216,w,maturity,985.64,1312.48,956.16,329.74,312.08,314.34,305.54,0.12507697101682425,21.40371990390122,218736,12096,0.13
r2c-ex00-240,217,w,maturity,992.69,1320.55,961.82,330.04,315.55,316.23,306.77,1.671870006248355,21.25610294751823,219744,12096,0.12
r2c-ex00-240,218,w,maturity,996.88,1322.94,964.98,333.84,314.53,316.61,305.46,0.14675711281597614,21.26870199572295,220752,12096,0.09
r2c-ex00-240,219,w,maturity,998.39,1329.16,969.49,336.0,318.44,315.04,309.29,0.025319051928818226,21.262952010147274,221760,12096,0.17
r2c-ex00-240,220,w,maturity,1005.77,1335.62,974.17,339.98,317.9,316.29,309.26,0.029070070013403893,21.154974005185068,222768,12096,0.09
r2c-ex00-240,221,w,maturity,987.84,1314.87,958.59,326.8,316.6,315.19,306.66,0.06523902993649244,21.252782084047794,223776,12096,0.07
r2c-ex00-240,222,w,maturity,994.23,1323.58,962.68,331.71,314.39,316.58,309.16,0.1882059732452035,21.154913934879005,224784,12096,0.26
r2c-ex00-240,223,w,maturity,1005.17,1332.95,975.08,337.95,321.28,315.85,306.94,0.025779008865356445,21.341548999771476,225792,12096,0.12
r2c-ex00-240,224,w,maturity,1007.26,1333.7,973.78,338.35,318.04,317.39,305.54,0.14625710900872946,21.508184960111976,226800,12096,0.13
r2c-ex00-240,225,w,maturity,1000.05,1331.93,968.3,331.75,319.36,317.19,311.19,0.16567599959671497,21.99289295822382,227808,12096,0.35
r2c-ex00-240,226,w,maturity,991.72,1318.11,963.32,331.5,316.81,315.01,305.74,0.11597806587815285,21.16614195983857,228816,12096,0.23
r2c-ex00-240,227,w,maturity,987.59,1315.25,956.22,328.2,313.5,314.51,306.82,0.12850703205913305,21.300138905644417,229824,12096,0.09
r2c-ex00-240,228,w,maturity,992.93,1321.37,961.67,333.76,315.13,312.77,307.8,0.278102932497859,21.213731030002236,230832,12096,0.09
r2c-ex00-240,229,w,r3b,987.55,1314.48,957.4,325.57,315.75,316.07,306.47,0.5394469480961561,21.193781052716076,231840,12096,0.16
r2c-ex00-240,230,w,r3b,989.22,1315.59,959.54,326.5,317.97,315.07,305.36,0.03831903450191021,21.288878982886672,232848,12096,0.08
r2c-ex00-240,231,j,r3b,990.3,1318.25,960.98,327.13,317.18,316.67,307.7,0.03358896356076002,21.42051502596587,233856,12096,0.09
r2c-ex00-240,232,j,r3b,987.62,1314.52,958.27,325.65,317.92,314.7,305.98,0.028529088012874126,21.561632049269974,234864,12096,0.1
r2c-ex00-240,233,w,r3b,992.63,1322.85,963.22,330.4,314.03,318.79,309.1,0.03904907498508692,21.2268999312073,235872,12096,0.1
r2c-ex00-240,234,k,r3b,989.05,1316.05,957.61,327.42,315.37,314.82,306.64,0.19215501379221678,21.65220002643764,236880,12096,0.09
r2c-ex00-240,235,w,r3b,993.42,1322.3,963.39,330.54,315.57,317.28,307.63,0.13386702630668879,21.28060709219426,237888,12096,0.07
r2c-ex00-240,236,l,r3b,990.43,1320.67,959.55,325.27,317.39,316.89,309.86,0.0703990226611495,21.946250926703215,238896,12096,0.11
r2c-ex00-240,237,w,maturity,990.6,1317.79,960.79,327.77,316.62,316.4,306.4,0.08527794852852821,21.708267042413354,239904,12096,0.13
r2c-ex00-240,238,w,maturity,995.26,1323.9,963.64,332.73,316.45,314.45,307.85,0.16259599942713976,21.161950076930225,240912,12096,0.13
r2c-ex00-240,239,w,maturity,999.13,1328.05,963.96,333.13,315.91,314.92,307.91,0.14091702178120613,21.33215602952987,241920,12096,0.1
r2c-ex00-240,240,w,maturity,986.33,1317.14,954.92,327.76,315.01,312.16,309.73,0.03018905408680439,21.33088605478406,242928,12096,0.09
r4hot-ex03-12,1,w,,636.5,857.61,600.55,199.95,200.42,200.18,202.13,0.11537689715623856,20.759221981279552,2016,2016,0.12
r4hot-ex03-12,2,w,,659.08,875.94,632.67,212.27,210.18,210.21,197.93,0.06517802830785513,20.424850983545184,3024,3024,0.29
r4hot-ex03-12,3,w,,686.62,923.51,655.03,211.65,222.2,221.18,216.59,0.13337598647922277,20.625274977646768,4032,4032,0.11
r4hot-ex03-12,4,w,,736.5,984.91,706.12,236.21,235.35,234.56,227.88,0.14228594955056906,21.050685085356236,5040,5040,0.07
r4hot-ex03-12,5,w,,770.17,1031.33,741.51,252.67,244.44,244.41,241.37,0.1641659764572978,21.232419996522367,6048,6048,0.1
r4hot-ex03-12,6,w,,804.35,1077.73,773.03,257.23,258.05,257.75,252.63,0.14619599096477032,21.660758065991104,7056,7056,0.15
r4hot-ex03-12,7,w,,830.01,1113.77,799.26,266.33,266.91,266.02,262.9,0.11362694203853607,21.253689075820148,8064,8064,0.1
r4hot-ex03-12,8,w,,866.69,1160.83,835.84,277.96,280.39,277.49,272.92,0.0884870532900095,21.65720798075199,9072,9072,0.08
r4hot-ex03-12,9,w,,897.69,1203.11,867.0,288.99,289.85,288.16,285.14,0.10102696251124144,21.562781068496406,10080,10080,0.1
r4hot-ex03-12,10,w,,928.83,1241.13,898.01,301.01,299.77,297.23,291.79,0.15198602341115475,21.19579096324742,11088,11088,0.12
r4hot-ex03-12,11,w,,984.54,1305.68,949.95,323.0,315.12,311.83,300.98,0.13668590690940619,21.216529072262347,12096,12096,0.15
r4hot-ex03-12,12,w,,981.68,1305.78,949.65,326.93,312.57,310.15,303.44,0.08947798050940037,21.86916198115796,13104,12096,0.12
r5q-queue,1,w,serial,617.39,823.63,583.93,203.38,191.19,189.36,187.0,0.08549692574888468,19.224219024181366,2016,2016,0.11
r5q-queue,2,w,serial,657.12,885.79,629.09,207.65,206.38,215.06,208.47,0.09130698163062334,20.542911952361465,3024,3024,0.13
r5q-queue,3,w,serial,703.13,944.91,673.38,226.0,224.03,223.35,220.96,0.18199405167251825,20.670177997089922,4032,4032,0.11
r5q-queue,4,w,serial,736.89,985.28,706.77,235.11,236.5,235.17,228.73,0.08275697473436594,20.866542006842792,5040,5040,0.1
r5q-queue,5,w,pipelined,776.06,1037.84,747.18,253.88,248.26,245.04,241.71,0.07848802488297224,20.783386076800525,6048,6048,0.53
r5q-queue,6,w,pipelined,1138.17,1408.58,772.61,257.01,258.23,257.36,250.36,0.6017190171405673,21.013697027228773,7056,7056,334.37
r5q-queue,8,w,pipelined,849.21,1130.41,802.51,268.21,267.72,266.57,261.01,0.19866297952830791,20.922919968143106,8064,8064,16.03
r5q-queue,9,w,pipelined,1295.23,1585.83,837.63,281.41,279.16,277.06,270.02,0.07823703344911337,20.988808013498783,9072,9072,428.63
r5q-queue,11,w,pipelined,1084.25,1382.77,865.62,290.15,287.28,288.19,278.54,0.22260204423218966,20.932340994477272,10080,10080,189.14
r5q-queue,12,w,pipelined,1610.24,1923.56,899.1,300.27,299.82,299.0,293.44,0.14464498963207006,21.23249100986868,11088,11088,681.24
